{"Indonesia": [-3.6106423131313217, 135.3456459388893], "Malaysia": [3.8739627100671195, 114.86082085436232], "Chile": [-42.7853778184063, -72.45182134535749], "Bolivia": [-15.55489993896714, -64.89450839637821], "Peru": [-7.814967884290539, -74.40509606207772], "Argentina": [-36.2359319004238, -64.63428857297544], "Dhekelia Sovereign Base Area": [35.02418071134017, 33.80381971134022], "Cyprus": [34.94532980717489, 33.022369461883386], "India": [22.459358650051712, 81.37519395873375], "China": [33.079611518829964, 110.36427284305663], "Israel": [31.917953314225063, 35.21088831847135], "Palestine": [31.959518705314007, 35.23866187439611], "Lebanon": [33.88609012179485, 35.879499708333356], "Ethiopia": [9.004921870577268, 38.57371762011175], "South Sudan": [6.910666588082904, 29.763238638169266], "Somalia": [5.930868203592821, 46.746559284431186], "Kenya": [0.3437769639423067, 38.061234283653846], "Malawi": [-12.923650861323148, 34.07448234351145], "United Republic of Tanzania": [-7.443957064794812, 35.78936722246226], "Syria": [34.991825571912024, 37.36038465820645], "Somaliland": [10.288789429467082, 45.6324389404389], "France": [46.89022153632561, 1.3812561394898302], "Suriname": [4.039423280868385, -55.99887881546816], "Guyana": [4.586679625112921, -58.88158646702807], "South Korea": [35.818103148775876, 127.14915813245445], "North Korea": [40.07509340731553, 127.01190698264112], "Morocco": [29.558195004906775, -9.03005890677135], "Western Sahara": [24.51256411805558, -12.257232548611105], "Costa Rica": [9.798972594423327, -84.28823899746517], "Nicaragua": [13.171151609728513, -84.79241001923072], "Republic of the Congo": [-0.776318433457248, 14.637114890706316], "Democratic Republic of the Congo": [-3.238730428220433, 23.497314484380542], "Bhutan": [27.368349339449562, 90.39305464220179], "Ukraine": [48.42384605559815, 30.93354582131902], "Belarus": [53.31917260187548, 28.3103699838022], "Namibia": [-21.90589531783601, 18.28827466525784], "South Africa": [-28.798379249458918, 23.590881494588743], "Saint Martin": [18.076237863636365, -63.078822863636354], "Sint Maarten": [18.047246555555557, -63.08708888888889], "Oman": [20.862366025751086, 56.73353369957089], "Uzbekistan": [41.05027259270893, 66.56446095348828], "Kazakhstan": [48.147196698009914, 64.8822943047265], "Tajikistan": [38.70750134367348, 70.70545174285718], "Lithuania": [55.03682409056603, 24.02832900943397], "Brazil": [-10.75677774142458, -52.080616240004474], "Uruguay": [-32.610593113013664, -56.04414547089045], "Mongolia": [47.96144338286481, 102.19955748929047], "Russia": [60.74958003439858, 100.32844021533951], "Czechia": [49.9148298210412, 15.287715771149669], "Germany": [51.132741421230115, 10.333142473041287], "Estonia": [58.67932851570244, 25.22976052561986], "Latvia": [56.90963702394108, 24.61046352854512], "Norway": [65.01548303033766, 13.981624611806373], "Sweden": [61.17461926652898, 17.57023826534824], "Finland": [63.545511443838016, 24.51002000454748], "Vietnam": [16.48727296468239, 106.55458065166596], "Cambodia": [12.589931688990815, 104.83690906146764], "Luxembourg": [49.80964745685277, 6.059853370558376], "United Arab Emirates": [24.54920737931034, 54.466373208620645], "Belgium": [50.51460295216049, 4.916005259259256], "Georgia": [42.07640987054411, 43.599224941838656], "North Macedonia": [41.58060968870527, 21.74100174380166], "Albania": [41.04720146028883, 20.001166516245476], "Azerbaijan": [40.24966738791943, 47.65941511812078], "Kosovo": [42.55721757933583, 20.88134137638376], "Turkey": [38.39201234885233, 32.84211943213123], "Spain": [41.086232666821225, -4.430546251621865], "Laos": [18.292446522430428, 103.93268123679732], "Kyrgyzstan": [41.04382859200002, 73.35295615022221], "Armenia": [40.17501728535983, 45.13898546898261], "Denmark": [56.21653709587621, 9.371038027835052], "Libya": [28.509074575757552, 17.993165266666658], "Tunisia": [34.9924212922078, 9.947596956168827], "Romania": [45.91284946577629, 25.460839756260444], "Hungary": [47.15645713915087, 19.196281593160368], "Slovakia": [48.78604662062936, 19.713680529720293], "Poland": [51.5187825638139, 18.863979023273263], "Ireland": [53.32848411676256, -8.5971901711632], "United Kingdom": [54.52570874507687, -3.6512057572160757], "Greece": [39.11279569491531, 22.8559573636698], "Zambia": [-13.086163879310336, 28.256962415782592], "Sierra Leone": [8.473736402457758, -12.212271158218135], "Guinea": [10.140279234029489, -11.368821034398044], "Liberia": [6.606689803724916, -9.002355116045841], "Central African Republic": [6.296295054129479, 21.225427720424115], "Sudan": [14.955468062553544, 30.74810045929735], "Djibouti": [11.700167464114827, 42.67661471291865], "Eritrea": [14.925184618764845, 39.743963318289765], "Austria": [47.57710756124318, 13.572448367458874], "Iraq": [33.99316253151011, 44.98029619500596], "Italy": [43.68599759405436, 12.215998040492048], "Switzerland": [46.78110572363149, 8.292222763684908], "Iran": [32.977341853756535, 52.802645957010746], "Netherlands": [51.815763043844804, 5.488284269814498], "Liechtenstein": [47.156756448275864, 9.533859999999999], "Ivory Coast": [7.466598821813575, -5.646013166772354], "Republic of Serbia": [44.232998930851096, 20.753728852127665], "Mali": [14.323238390383523, -6.123356154550657], "Senegal": [13.958111699564597, -14.663894124092897], "Nigeria": [7.661623640995959, 7.737262609727842], "Benin": [9.949191279220777, 2.311141391233768], "Angola": [-11.595445589537213, 17.366000501006035], "Croatia": [45.019248749816555, 16.24774104695522], "Slovenia": [46.13666404431597, 14.973991196531786], "Qatar": [25.45227631535269, 51.16891395850621], "Saudi Arabia": [24.14765535685684, 42.952064347347424], "Botswana": [-22.398665291841045, 24.577557427824257], "Zimbabwe": [-19.023978454308082, 29.7909140443864], "Pakistan": [29.461451734117674, 68.94566255199992], "Bulgaria": [42.49890575881684, 25.21358001592719], "Thailand": [13.164922239280784, 100.59965700726147], "San Marino": [43.934523631578955, 12.453615], "Haiti": [18.920775106382948, -72.87128929964541], "Dominican Republic": [18.866471747252774, -70.44927281318681], "Chad": [12.857455379111844, 18.16762616940788], "Kuwait": [29.196126735483876, 47.85199021290322], "El Salvador": [13.79809289106145, -88.70951059217872], "Guatemala": [15.65123910893248, -90.08718195860573], "East Timor": [-8.845623929292932, 125.80127021212131], "Brunei": [4.528764264150943, 114.63293951886797], "Monaco": [43.739523083333346, 7.4030977500000015], "Algeria": [30.777575730984804, 2.814190858286631], "Mozambique": [-17.282916139884883, 35.99574674324923], "eSwatini": [-26.602319294117628, 31.507995741176465], "Burundi": [-3.085617833876222, 30.01068320846905], "Rwanda": [-1.9730746261682242, 29.982158171339556], "Myanmar": [18.7628629550624, 96.8536033578363], "Bangladesh": [23.50185519530823, 90.33910263611556], "Andorra": [42.528383294117646, 1.5637602745098038], "Afghanistan": [35.22916274836599, 68.09181362679746], "Montenegro": [42.66821789385475, 19.199821458100562], "Bosnia and Herzegovina": [44.25985754220778, 17.912057003246762], "Uganda": [1.521094225859249, 32.012009896890305], "US Naval Base Guantanamo Bay": [19.931896875000003, -75.19408604166667], "Cuba": [21.67452064493996, -79.25421933218978], "Honduras": [14.646597014828545, -85.97785435588507], "Ecuador": [-1.642436477477478, -78.93510393393387], "Colombia": [4.735271204987035, -73.75948844980567], "Paraguay": [-23.937578639157124, -57.961398282704096], "Brazilian Island": [-30.188649400000003, -57.6266788], "Portugal": [39.68552800568178, -7.937583648863644], "Moldova": [47.13350261165049, 28.405362436893217], "Turkmenistan": [39.3996334891909, 57.259422022235924], "Jordan": [31.617040609890136, 36.19639153571425], "Nepal": [28.314566483839364, 84.17011304211545], "Lesotho": [-29.578886984567905, 28.11476770679015], "Cameroon": [6.279920776098889, 12.897941087225295], "Gabon": [-0.9191775562543659, 11.277539291404622],