{"Afghanistan": [34.80365353623189, 67.6910866231884], "Angola": [-10.935099181818183, 17.439875121212122], "Albania": [41.27321845454546, 20.10958809090909], "United Arab Emirates": [24.195379136363634, 54.243401318181824], "Argentina": [-54.45660818181819, -66.97633818181818], "Armenia": [40.0615628, 45.164243549999995], "Antarctica": [-80.39289038461538, -62.41204653846153], "French Southern and Antarctic Lands": [-49.11861111111111, 69.46083333333334], "Australia": [-41.96381317647058, 146.56903905882356], "Austria": [47.64469881081084, 13.484573189189193], "Azerbaijan": [39.37884277777778, 45.34727766666666], "Burundi": [-3.3942826923076925, 29.95537653846154], "Belgium": [50.66802046666666, 4.3921904000000005], "Benin": [9.80839996, 2.32725276], "Burkina Faso": [12.0927598974359, -1.8503605128205123], "Bangladesh": [23.398933861111107, 90.6113208611111], "Bulgaria": [42.89366121428571, 24.687321107142854], "The Bahamas": [24.35144875, -77.86409], "Bosnia and Herzegovina": [44.2548149090909, 17.892327636363635], "Belarus": [53.32459715909092, 28.114469863636373], "Belize": [17.4171646, -88.63038305], "Bermuda": [32.31324546753983, -64.77013754985381], "Bolivia": [-16.521309016666667, -64.0187022], "Brazil": [-9.638989354679806, -56.94712460591133], "Brunei": [4.628413, 114.84262737499999], "Bhutan": [27.467787, 90.61513261538462], "Botswana": [-22.387776625, 24.376750149999996], "Central African Republic": [6.329532338709678, 20.507985967741938], "Canada": [46.45741444444443, -63.356543333333335], "Switzerland": [46.796854291666655, 8.306507541666665], "Chile": [-54.16730689999999, -70.12479004999999], "China": [19.238169699999997, 109.91329149999999], "Ivory Coast": [7.831305326086958, -6.233057434782609], "Cameroon": [6.732651573770491, 13.14533398360656], "Democratic Republic of the Congo": [-3.7710890245901685, 23.01360398360656], "Republic of the Congo": [-1.0893008367346937, 14.815730959183671], "Colombia": [4.4766495399999995, -72.73793063000002], "Costa Rica": [9.784893250000001, -84.17348352777778], "Cuba": [21.722816714285717, -79.73309490476191], "Northern Cyprus": [35.177307375, 33.42654718749999], "Cyprus": [35.01916513333333, 33.32695486666667], "Czech Republic": [49.70695368571429, 15.90355382857143], "Germany": [51.065506258620694, 10.618750500000003], "Djibouti": [11.810872666666663, 42.57079386666667], "Denmark": [55.54603716666667, 11.964727333333334], "Dominican Republic": [18.79019703846154, -70.4935766923077], "Algeria": [29.602488645161298, 3.349875274193549], "Ecuador": [-1.735584818181818, -78.85389636363637], "Egypt": [28.24341321428572, 31.51607952380952], "Eritrea": [14.644881500000002, 39.79983646428571], "Spain": [40.26906437254902, -4.481723274509802], "Estonia": [58.50656894117647, 25.70991364705882], "Ethiopia": [9.101322576271185, 39.04164320338982], "Finland": [65.47707589473684, 25.771844210526314], "Fiji": [-17.724644444444447, 178.04595222222218], "Falkland Islands": [-51.735, -59.585], "France": [42.16617528571429, 9.115104285714285], "Gabon": [-0.5387664516129033, 11.885480806451614], "United Kingdom": [54.501343999999996, -6.714965874999999], "Georgia": [42.179316416666666, 43.43027020833335], "Ghana": [8.08674608, -0.9291656799999997], "Guinea": [10.34882825714286, -10.909395785714288], "Gambia": [13.4738033125, -15.295171999999999], "Guinea Bissau": [11.908241315789475, -15.132555052631579], "Equatorial Guinea": [1.4073748571428573, 10.047480142857141], "Greece": [35.302454363636365, 24.87416718181818], "Greenland": [74.14763175757577, -41.03145590909091], "Guatemala": [15.508185542857142, -90.20885597142858], "French Guiana": [3.460923263157895, -53.41849784210526], "Guyana": [4.643209175000001, -58.97881372500002], "Honduras": [14.711018999999999, -86.38114605263158], "Croatia": [44.88755502380953, 16.43715930952381], "Haiti": [18.84919557142857, -72.7729009047619], "Hungary": [47.41413716129033, 19.055115612903222], "Indonesia": [-9.898959571428572, 120.25651542857142], "India": [24.018866154411757, 83.44489886764708], "Ireland": [53.53152307692308, -7.723323615384617], "Iran": [33.400096693333325, 53.41602011999999], "Iraq": [33.565823200000004, 44.60624746666667], "Iceland": [65.27802869999998, -19.265977400000004], "Israel": [32.16029756521739, 35.201008217391305], "Italy": [37.60726318181818, 14.388836], "Jamaica": [18.187741363636363, -77.34805227272727], "Jordan": [31.132471052631583, 36.65072505263158], "Japan": [33.6370815, 133.61587208333333], "Kazakhstan": [47.201753625000016, 65.10595068749997], "Kenya": [1.2176717567567568, 37.872120891891875], "Kyrgyzstan": [41.36375079999999, 73.9767592], "Cambodia": [12.549848411764705, 104.94884347058823], "South Korea": [36.761904421052634, 127.58190526315789], "Kosovo": [42.55534852380953, 20.965219095238094], "Kuwait": [29.33678833333333, 47.742474666666666], "Laos": [18.285540405405406, 103.63447108108107], "Lebanon": [33.798193181818185, 35.85166972727273], "Liberia": [6.630890444444446, -9.115772666666667], "Libya": [28.49224398214286, 16.456980928571433], "Sri Lanka": [7.6314413000000005, 80.86381909999999], "Lesotho": [-29.584757416666665, 28.370332416666667], "Lithuania": [55.13318478947367, 23.818487842105267], "Luxembourg": [49.81208742857143, 5.981349285714286], "Latvia": [56.79205409090909, 24.656921909090908], "Morocco": [28.761614750000003, -9.463683562499996], "Moldova": [47.046639555555565, 28.47035211111111], "Madagascar": [-17.97148510204082, 46.989215081632636], "Mexico": [23.83536536470587, -103.01318771176472], "Macedonia": [41.64608647058824, 21.582212352941184], "Mali": [14.108147749999995, -5.810730526315787], "Malta": [35.88021325, 14.473811999999999], "Myanmar": [19.997216442857148, 97.1452077142857], "Montenegro": [42.73648572222223, 19.431629277777777], "Mongolia": [47.204515053333324, 104.58542637333333], "Mozambique": [-17.91259250649351, 34.865522233766235], "Mauritania": [18.667714615384618, -12.299476897435897], "Malawi": [-12.995803142857142, 34.12693246428571], "Malaysia": [4.34217768, 102.11469759999999], "Namibia": [-21.647454477272728, 17.84777675], "New Caledonia": [-21.17765761538462, 165.51165784615387], "Niger": [15.289917586206894, 8.518535862068964], "Nigeria": [9.705913224137928, 8.448601482758617], "Nicaragua": [13.081707730769235, -85.01747005769234], "Netherlands": [52.15860685714286, 5.585888357142857], "Norway": [66.26438089999999, 18.027590359999998], "Nepal": [28.209141304347828, 84.55865391304347], "New Zealand": [-43.45137496666668, 171.0917638666667], "Oman": [20.82114007317073, 56.65545887804877], "Pakistan": [30.81521942424242, 69.40296604545456], "Panama": [8.468009019230767, -80.32735980769232], "Peru": [-7.927868828947368, -74.07779543421051], "Philippines": [7.72361911111111, 124.65715596296299], "Papua New Guinea": [-6.075067090909091, 155.25576972727274], "Poland": [51.68244833333334, 19.287538555555553], "Puerto Rico": [18.275953444444443, -66.43350466666668], "North Korea": [39.885954651162784, 127.32909372093022], "Portugal": [39.76407854545455, -8.038668363636363], "Paraguay": [-23.36477360606061, -57.706847151515156], "Qatar": [25.257109333333332, 51.151304777777774], "Romania": [45.91116900000001, 25.06276036363636], "Russia": [50.142160454545454, 142.72116713636362], "Rwanda": [-1.9759196153846155, 29.88792284615385], "Western Sahara": [24.758574857142857, -12.03201292857143], "Saudi Arabia": [23.869037394736846, 43.696933052631586], "Sudan": [12.933765392405062, 29.458055481012668], "South Sudan": [8.1042980952381, 30.14223019047618], "Senegal": [13.87752190909091, -14.591478727272731], "Solomon Islands": [-10.543878, 161.92898466666665], "Sierra Leone": [8.507121409090908, -11.620067363636366], "El Salvador": [13.802652649999999, -88.84191154999999], "Somaliland": [10.31038275, 46.135425500000004], "Somalia": [6.787068805555554, 47.06657952777779], "Republic of Serbia": [43.819188, 20.984143326086954], "Suriname": [3.8382345769230772, -55.971260961538476],